store_id,volume_total,volumetotal_comshellbox_porcentagem,volumetotal_semshellbox_porcentagem,Gasolina Comum sum_quantity_in_litres_using_shell_box,Gasolina Comum sum_quantity_in_litres_not_using_shell_box,Gasolina Comum sum_quantity_in_litres,Gasolina Comum percentage_sum_quantity_in_litres_using_shell_box,Gasolina Comum percentage_sum_quantity_in_litres_not_using_shell_box,Gasolina Comum mean_price_per_litre,Gasolina Comum total_using_shell_box,Gasolina Comum total_not_using_shell_box,Gasolina Comum percentage_total_using_shell_box,Gasolina Comum percentage_total_not_using_shell_box,Etanol Comum sum_quantity_in_litres_using_shell_box,Etanol Comum sum_quantity_in_litres_not_using_shell_box,Etanol Comum sum_quantity_in_litres,Etanol Comum percentage_sum_quantity_in_litres_using_shell_box,Etanol Comum percentage_sum_quantity_in_litres_not_using_shell_box,Etanol Comum mean_price_per_litre,Etanol Comum total_using_shell_box,Etanol Comum total_not_using_shell_box,Etanol Comum percentage_total_using_shell_box,Etanol Comum percentage_total_not_using_shell_box,Gasolina Aditivada sum_quantity_in_litres_using_shell_box,Gasolina Aditivada sum_quantity_in_litres_not_using_shell_box,Gasolina Aditivada sum_quantity_in_litres,Gasolina Aditivada percentage_sum_quantity_in_litres_using_shell_box,Gasolina Aditivada percentage_sum_quantity_in_litres_not_using_shell_box,Gasolina Aditivada mean_price_per_litre,Gasolina Aditivada total_using_shell_box,Gasolina Aditivada total_not_using_shell_box,Gasolina Aditivada percentage_total_using_shell_box,Gasolina Aditivada percentage_total_not_using_shell_box,Diesel Comum sum_quantity_in_litres_using_shell_box,Diesel Comum sum_quantity_in_litres_not_using_shell_box,Diesel Comum sum_quantity_in_litres,Diesel Comum percentage_sum_quantity_in_litres_using_shell_box,Diesel Comum percentage_sum_quantity_in_litres_not_using_shell_box,Diesel Comum mean_price_per_litre,Diesel Comum total_using_shell_box,Diesel Comum total_not_using_shell_box,Diesel Comum percentage_total_using_shell_box,Diesel Comum percentage_total_not_using_shell_box,Diesel Aditivado sum_quantity_in_litres_using_shell_box,Diesel Aditivado sum_quantity_in_litres_not_using_shell_box,Diesel Aditivado sum_quantity_in_litres,Diesel Aditivado percentage_sum_quantity_in_litres_using_shell_box,Diesel Aditivado percentage_sum_quantity_in_litres_not_using_shell_box,Diesel Aditivado mean_price_per_litre,Diesel Aditivado total_using_shell_box,Diesel Aditivado total_not_using_shell_box,Diesel Aditivado percentage_total_using_shell_box,Diesel Aditivado percentage_total_not_using_shell_box,Etanol Aditivado sum_quantity_in_litres_using_shell_box,Etanol Aditivado sum_quantity_in_litres_not_using_shell_box,Etanol Aditivado sum_quantity_in_litres,Etanol Aditivado percentage_sum_quantity_in_litres_using_shell_box,Etanol Aditivado percentage_sum_quantity_in_litres_not_using_shell_box,Etanol Aditivado mean_price_per_litre,Etanol Aditivado total_using_shell_box,Etanol Aditivado total_not_using_shell_box,Etanol Aditivado percentage_total_using_shell_box,Etanol Aditivado percentage_total_not_using_shell_box,grocery_existence,shell_box_tokens,num_consumer_use_shell_box,num_consumers,num_consumer_shell_box_gas,num_consumer_shell_box_select,mean_fidelity_consumer,Gasolina Aditivada Racing sum_quantity_in_litres_using_shell_box,Gasolina Aditivada Racing sum_quantity_in_litres_not_using_shell_box,Gasolina Aditivada Racing sum_quantity_in_litres,Gasolina Aditivada Racing percentage_sum_quantity_in_litres_using_shell_box,Gasolina Aditivada Racing percentage_sum_quantity_in_litres_not_using_shell_box,Gasolina Aditivada Racing mean_price_per_litre,Gasolina Aditivada Racing total_using_shell_box,Gasolina Aditivada Racing total_not_using_shell_box,Gasolina Aditivada Racing percentage_total_using_shell_box,Gasolina Aditivada Racing percentage_total_not_using_shell_box,Gas Natural Veicular sum_quantity_in_litres_using_shell_box,Gas Natural Veicular sum_quantity_in_litres_not_using_shell_box,Gas Natural Veicular sum_quantity_in_litres,Gas Natural Veicular percentage_sum_quantity_in_litres_using_shell_box,Gas Natural Veicular percentage_sum_quantity_in_litres_not_using_shell_box,Gas Natural Veicular mean_price_per_litre,Gas Natural Veicular total_using_shell_box,Gas Natural Veicular total_not_using_shell_box,Gas Natural Veicular percentage_total_using_shell_box,Gas Natural Veicular percentage_total_not_using_shell_box
1030666,542873.7699999999,0.0026754654217314646,0.9973245345782686,3904.33,423910.76999999996,427815.1,0.009126208962703749,0.9908737910372962,4.208523464561958,309.0,50214.0,0.006116026364230152,0.9938839736357699,22058.75,1336306.5899999999,1358365.3399999999,0.0162391879050742,0.9837608120949258,2.678698356029668,958.0,71306.0,0.013256946750802613,0.9867430532491974,4116.99,243443.45,247560.44,0.016630241891636643,0.9833697581083634,4.2740271903330385,292.0,34463.0,0.00840166882462955,0.9915983311753704,729.12,416728.15,417457.27,0.001746573966719995,0.99825342603328,3.4901594287380604,17.0,6845.0,0.002477411833284757,0.9975225881667152,1452.4399999999998,541421.33,542873.7699999999,0.0026754654217314646,0.9973245345782686,3.5870111018594137,29.0,7177.0,0.004024424091035248,0.9959755759089648,4982.5,250764.83999999997,255747.33999999997,0.019482118562797177,0.9805178814372029,2.7046967493585683,192.0,13836.0,0.013686911890504704,0.9863130881094953,1,2.0,377,565,564,1,0.9621513944223108,0.0,0.0,0.0,0.0,0.0,0.0,0.0,0.0,0.0,0.0,0.0,0.0,0.0,0.0,0.0,0.0,0.0,0.0,0.0,0.0
1033375,378743.101,0.014821043565358565,0.9851789564346414,1949.624,157861.982,159811.606,0.012199514470807584,0.9878004855291923,4.089976859212392,68.0,11254.0,0.006006006006006006,0.993993993993994,7723.868,577437.546,585161.414,0.013199551124196306,0.9868004488758036,2.744273835179227,272.0,26642.0,0.010106264397711229,0.9898937356022888,0.0,51.43,51.43,0.0,1.0,2.399,0.0,2.0,0.0,1.0,3429.4300000000003,360336.60500000004,363766.03500000003,0.00942757066365473,0.9905724293363453,3.640562586733428,15.0,3588.0,0.004163197335553705,0.9958368026644463,5613.3679999999995,373129.733,378743.101,0.014821043565358565,0.9851789564346414,3.7273403656822097,36.0,4230.0,0.008438818565400843,0.9915611814345991,0.0,0.0,0.0,0.0,0.0,0.0,0.0,0.0,0.0,0.0,1,0.0,140,167,166,1,1.3614457831325302,2295.929,44637.449,46933.378,0.04891889520502871,0.9510811047949713,4.190609347442877,80.0,4456.0,0.01763668430335097,0.982363315696649,0.0,0.0,0.0,0.0,0.0,0.0,0.0,0.0,0.0,0.0
1030534,130709.46999999999,0.051955225585414745,0.9480447744145853,4900.85,368261.8,373162.64999999997,0.01313328115769357,0.9868667188423065,4.143366752671385,245.0,26885.0,0.00903059343899742,0.9909694065610026,6796.2,430336.1599999999,437132.3599999999,0.015547236081995854,0.9844527639180041,2.8299327548812703,252.0,22798.0,0.010932754880694144,0.9890672451193059,732.01,10848.54,11580.550000000001,0.06321029657486042,0.9367897034251396,4.373999999999982,31.0,789.0,0.03780487804878049,0.9621951219512195,3211.48,109934.97,113146.45,0.028383391613258747,0.9716166083867412,3.317488943488919,25.0,1603.0,0.015356265356265357,0.9846437346437347,6791.04,123918.43,130709.46999999999,0.051955225585414745,0.9480447744145853,3.3651861984483613,66.0,2383.0,0.02694977541853818,0.9730502245814618,0.0,0.0,0.0,0.0,0.0,0.0,0.0,0.0,0.0,0.0,1,0.0,241,289,288,1,1.1433566433566433,0.0,0.0,0.0,0.0,0.0,0.0,0.0,0.0,0.0,0.0,0.0,0.0,0.0,0.0,0.0,0.0,0.0,0.0,0.0,0.0
1023188,192377.42,0.0,1.0,0.0,541272.508,541272.508,0.0,1.0,4.099629774930559,0.0,38744.0,0.0,1.0,0.212,883197.4610000001,883197.6730000002,2.400368643181422e-07,0.9999997599631356,2.776336407935343,1.0,45967.0,2.17542638357118e-05,0.9999782457361643,0.7150000000000001,158870.465,158871.18,4.500501601360298e-06,0.9999954994983986,4.30575241157504,4.0,11192.0,0.0003572704537334762,0.9996427295462665,0.0,0.0,0.0,0.0,0.0,0.0,0.0,0.0,0.0,0.0,0.0,192377.42,192377.42,0.0,1.0,3.430002044989705,0.0,4890.0,0.0,1.0,0.0,0.0,0.0,0.0,0.0,0.0,0.0,0.0,0.0,0.0,1,0.0,1,1,0,1,4.0,0.0,0.0,0.0,0.0,0.0,0.0,0.0,0.0,0.0,0.0,0.0,622312.2600000001,622312.2600000001,0.0,1.0,2.3990000000021614,0.0,58338.0,0.0,1.0
1018728,488501.19000000006,0.006312656065382357,0.9936873439346177,18995.74,1621280.3600000003,1640276.1000000003,0.011580818619499484,0.9884191813805006,4.323600174152265,781.0,81905.0,0.009445371646953535,0.9905546283530464,71519.32,4358181.750000001,4429701.070000001,0.016145405495725695,0.9838545945042743,2.788639728750119,2600.0,179374.0,0.014287755393627661,0.9857122446063723,15865.62,456376.18000000005,472241.80000000005,0.03359639066258006,0.96640360933742,4.454045612343819,560.0,20180.0,0.02700096432015429,0.9729990356798457,0.0,0.0,0.0,0.0,0.0,0.0,0.0,0.0,0.0,0.0,3083.74,485417.45000000007,488501.19000000006,0.006312656065382357,0.9936873439346177,3.78019964903898,67.0,12470.0,0.005344181223578209,0.9946558187764218,0.0,0.0,0.0,0.0,0.0,0.0,0.0,0.0,0.0,0.0,1,1.0,1122,1355,1354,1,1.3682588597842833,5785.7300000000005,84843.4,90629.12999999999,0.0638396286050633,0.9361603713949368,5.253520828972228,200.0,4577.0,0.04186728072011723,0.9581327192798827,0.0,0.0,0.0,0.0,0.0,0.0,0.0,0.0,0.0,0.0
1037765,87464.76000000001,0.001000974563927232,0.9989990254360728,1043.98,121270.57,122314.55,0.008535206972514716,0.9914647930274854,4.326452105851752,69.0,13346.0,0.005143496086470369,0.9948565039135296,2451.05,408050.28,410501.33,0.005970869814234219,0.9940291301857658,2.7822456306990904,132.0,20924.0,0.006268996960486322,0.9937310030395137,774.0999999999999,53710.740000000005,54484.840000000004,0.014207621789840988,0.9857923782101591,4.522890851982763,37.0,5057.0,0.0072634471927758145,0.9927365528072242,0.0,3903.7599999999998,3903.7599999999998,0.0,1.0,3.598999999999994,0.0,93.0,0.0,1.0,87.55000000000001,87377.21,87464.76000000001,0.001000974563927232,0.9989990254360728,3.7271455301455845,2.0,2403.0,0.0008316008316008316,0.9991683991683992,0.0,0.0,0.0,0.0,0.0,0.0,0.0,0.0,0.0,0.0,1,0.0,98,133,133,0,0.25,0.0,0.0,0.0,0.0,0.0,0.0,0.0,0.0,0.0,0.0,0.0,0.0,0.0,0.0,0.0,0.0,0.0,0.0,0.0,0.0
1014970,131191.91,0.007800176093175257,0.9921998239068247,3693.8,1223127.9000000001,1226821.7000000002,0.003010869468644058,0.9969891305313558,4.166903934021274,364.0,238857.0,0.001521605544663721,0.9984783944553363,22143.589999999997,3087103.99,3109247.58,0.007121848431252939,0.9928781515687471,2.696052657600142,1149.0,294117.0,0.0038914063928796407,0.9961085936071203,2406.88,421706.57,424113.45,0.005675085286731652,0.9943249147132683,4.242640943662917,206.0,77364.0,0.0026556658501998196,0.9973443341498002,0.0,0.0,0.0,0.0,0.0,0.0,0.0,0.0,0.0,0.0,1023.3199999999999,130168.59,131191.91,0.007800176093175257,0.9921998239068247,3.5931197059853086,49.0,5665.0,0.008575428771438572,0.9914245712285614,0.0,0.0,0.0,0.0,0.0,0.0,0.0,0.0,0.0,0.0,1,0.0,294,534,534,0,1.217573221757322,0.0,0.0,0.0,0.0,0.0,0.0,0.0,0.0,0.0,0.0,0.0,0.0,0.0,0.0,0.0,0.0,0.0,0.0,0.0,0.0
1024257,326089.164,0.0032077361515760144,0.9967922638484241,7871.661,1014004.498,1021876.159,0.007703145758585018,0.992296854241415,4.112213190721285,549.0,112955.0,0.004836833944178179,0.9951631660558218,29844.903,2101526.444,2131371.347,0.01400267627788467,0.9859973237221153,2.7254228245945082,1449.0,140766.0,0.010188798649931443,0.9898112013500685,6366.818000000001,436399.986,442766.804,0.014379619118871435,0.9856203808811285,4.295503530451271,356.0,44964.0,0.007855251544571933,0.9921447484554281,0.0,0.0,0.0,0.0,0.0,0.0,0.0,0.0,0.0,0.0,1046.0079999999998,325043.156,326089.164,0.0032077361515760144,0.9967922638484241,3.5308970355006934,39.0,8158.0,0.004757838233500061,0.9952421617664999,0.0,0.0,0.0,0.0,0.0,0.0,0.0,0.0,0.0,0.0,1,0.0,587,806,806,0,1.5897097625329817,0.0,0.0,0.0,0.0,0.0,0.0,0.0,0.0,0.0,0.0,0.0,13799.3,13799.3,0.0,1.0,4.011067099567157,0.0,924.0,0.0,1.0
256943,647203.77,0.0,1.0,6036.320000000001,1179815.0600000003,1185851.3800000004,0.005090283741964359,0.9949097162580356,4.285344983289791,465.0,138391.0,0.003348792994181022,0.996651207005819,22918.239999999998,2599404.1400000006,2622322.380000001,0.008739672961186409,0.9912603270388135,2.760734669207529,1013.0,161128.0,0.006247648651482352,0.9937523513485177,525.76,29363.12,29888.879999999997,0.01759048850274751,0.9824095114972525,4.492516939474749,24.0,2603.0,0.009135896459840122,0.9908641035401599,0.0,0.0,0.0,0.0,0.0,0.0,0.0,0.0,0.0,0.0,0.0,647203.77,647203.77,0.0,1.0,3.566698414528759,0.0,17345.0,0.0,1.0,0.0,0.0,0.0,0.0,0.0,0.0,0.0,0.0,0.0,0.0,1,0.0,324,409,409,0,1.354922279792746,0.0,0.0,0.0,0.0,0.0,0.0,0.0,0.0,0.0,0.0,0.0,0.0,0.0,0.0,0.0,0.0,0.0,0.0,0.0,0.0
1025120,203905.64,0.012245615177687092,0.9877543848223128,12942.31,999541.0700000001,1012483.3800000001,0.012782738221342457,0.9872172617786575,4.054003664136028,944.0,140972.0,0.006651822204684461,0.9933481777953156,41763.509999999995,1794178.2600000002,1835941.7700000003,0.022747731263829785,0.9772522687361702,2.6881013203207096,1720.0,137640.0,0.012342135476463834,0.9876578645235362,13846.11,298631.93,312478.04,0.04431066579910704,0.955689334200893,4.134297635063661,668.0,32779.0,0.01997189583520196,0.980028104164798,0.0,0.0,0.0,0.0,0.0,0.0,0.0,0.0,0.0,0.0,2496.9500000000003,201408.69,203905.64,0.012245615177687092,0.9877543848223128,3.465223486808203,74.0,7658.0,0.009570615623383343,0.9904293843766167,0.0,0.0,0.0,0.0,0.0,0.0,0.0,0.0,0.0,0.0,1,0.0,543,856,856,0,1.457718120805369,0.0,0.0,0.0,0.0,0.0,0.0,0.0,0.0,0.0,0.0,0.0,0.0,0.0,0.0,0.0,0.0,0.0,0.0,0.0,0.0
1031130,111209.61,0.01448085286874039,0.9855191471312595,13134.26,572122.9099999999,585257.1699999999,0.022441860900226138,0.9775581390997738,4.18250690196071,600.0,37650.0,0.01568627450980392,0.984313725490196,31713.75,1334566.5199999998,1366280.2699999998,0.02321174556666913,0.9767882544333308,2.676304416481424,1140.0,60289.0,0.01855801006039493,0.9814419899396051,8533.22,159936.9,168470.12,0.05065123714519821,0.9493487628548017,4.283125586962483,354.0,10507.0,0.03259368382285241,0.9674063161771476,1770.05,71233.95,73004.0,0.02424593172976823,0.9757540682702317,2.7709334191059165,63.0,3046.0,0.02026375040205854,0.9797362495979415,1610.4099999999999,109599.2,111209.61,0.01448085286874039,0.9855191471312595,3.568747904577856,38.0,3064.0,0.012250161186331399,0.9877498388136686,19172.96,752098.76,771271.72,0.02485889149416758,0.9751411085058325,2.6667233858195796,690.0,32779.0,0.02061609250351071,0.9793839074964893,1,2.0,687,891,889,3,1.0542822677925212,0.0,0.0,0.0,0.0,0.0,0.0,0.0,0.0,0.0,0.0,0.0,0.0,0.0,0.0,0.0,0.0,0.0,0.0,0.0,0.0
1027662,364533.25999999995,0.01082079588567584,0.9891792041143243,15990.8,745435.4299999999,761426.23,0.021001115236074806,0.9789988847639252,3.9194970388765134,860.0,50303.0,0.016809022144909407,0.9831909778550906,66101.23000000001,2207348.5800000005,2273449.8100000005,0.029075297686030725,0.9709247023139693,2.7714236309797964,2522.0,97093.0,0.025317472268232697,0.9746825277317673,25481.559999999998,330549.75,356031.31,0.07157112109044567,0.9284288789095544,4.270893623557346,1006.0,21781.0,0.04414797911089657,0.9558520208891035,0.0,0.0,0.0,0.0,0.0,0.0,0.0,0.0,0.0,0.0,3944.5400000000004,360588.72,364533.25999999995,0.01082079588567584,0.9891792041143243,3.618123475609759,100.0,6460.0,0.01524390243902439,0.9847560975609756,0.0,0.0,0.0,0.0,0.0,0.0,0.0,0.0,0.0,0.0,1,0.0,836,1122,1122,0,1.6209523809523811,0.0,0.0,0.0,0.0,0.0,0.0,0.0,0.0,0.0,0.0,0.0,0.0,0.0,0.0,0.0,0.0,0.0,0.0,0.0,0.0
636800,36104.776,0.04923883200383241,0.9507611679961676,13772.902,174569.303,188342.20500000002,0.0731270083622521,0.926872991637748,4.126416341817381,563.0,12520.0,0.043032943514484445,0.9569670564855155,182313.55200000003,1371713.8900000001,1554027.4420000003,0.11731681633972071,0.8826831836602792,2.634726331628579,5665.0,55482.0,0.09264559177065106,0.907354408229349,11292.835,85185.30299999999,96478.13799999998,0.11705071463962127,0.8829492853603788,4.248734396149919,426.0,6223.0,0.06406978493006467,0.9359302150699353,0.0,0.0,0.0,0.0,0.0,0.0,0.0,0.0,0.0,0.0,1777.7570000000003,34327.019,36104.776,0.04923883200383241,0.9507611679961676,3.46640640155192,42.0,989.0,0.040737148399612025,0.9592628516003879,41179.668,159724.74,200904.408,0.20497145090017138,0.7950285490998286,2.7611031008765563,1226.0,6417.0,0.1604082166688473,0.8395917833311527,1,0.0,2376,2549,2547,2,2.2766295707472177,0.0,0.0,0.0,0.0,0.0,0.0,0.0,0.0,0.0,0.0,0.0,0.0,0.0,0.0,0.0,0.0,0.0,0.0,0.0,0.0
1023206,155248.161,0.010729846906205867,0.9892701530937942,8209.065999999999,488878.781,497087.847,0.01651431643228244,0.9834856835677176,4.226562337969269,484.0,37703.0,0.012674470369497473,0.9873255296305026,33904.659,1302747.5659999999,1336652.2249999999,0.025365355599509067,0.974634644400491,2.7201197937394426,1283.0,56508.0,0.02220068868855012,0.9777993113114499,4771.283,137753.46699999998,142524.74999999997,0.03347687331498565,0.9665231266850144,4.3216652144003715,245.0,8477.0,0.028089887640449437,0.9719101123595506,0.0,0.0,0.0,0.0,0.0,0.0,0.0,0.0,0.0,0.0,1665.7890000000002,153582.372,155248.161,0.010729846906205867,0.9892701530937942,3.6683898185246635,47.0,4196.0,0.011077068112184774,0.9889229318878152,0.0,0.0,0.0,0.0,0.0,0.0,0.0,0.0,0.0,0.0,1,1.0,685,913,912,1,0.6198156682027651,0.0,0.0,0.0,0.0,0.0,0.0,0.0,0.0,0.0,0.0,0.0,0.0,0.0,0.0,0.0,0.0,0.0,0.0,0.0,0.0
1024971,0.0,0.0,0.0,2225.9700000000003,369037.24,371263.20999999996,0.005995665447163484,0.9940043345528365,4.1858571996920935,148.0,35041.0,0.004205859785728495,0.9957941402142715,8211.810000000001,1707440.8399999999,1715652.65,0.0047864059196364725,0.9952135940803635,2.7331003134797873,424.0,87301.0,0.004833285836420633,0.9951667141635794,829.2499999999999,114675.62,115504.87,0.007179350965894338,0.9928206490341056,4.332638152563984,39.0,8600.0,0.0045144113902072,0.9954855886097927,0.0,0.0,0.0,0.0,0.0,0.0,0.0,0.0,0.0,0.0,0.0,0.0,0.0,0.0,0.0,0.0,0.0,0.0,0.0,0.0,0.0,43111.27,43111.27,0.0,1.0,4.281536520584626,0.0,3012.0,0.0,1.0,1,0.0,232,319,318,1,0.10689655172413781,0.0,0.0,0.0,0.0,0.0,0.0,0.0,0.0,0.0,0.0,0.0,0.0,0.0,0.0,0.0,0.0,0.0,0.0,0.0,0.0
1059090,1355618.8599999999,0.07689928568860425,0.9231007143113957,68735.557,2116922.0280000004,2185657.5850000004,0.03144845627774764,0.9685515437222524,4.036842625861717,3793.0,188799.0,0.019694483675334384,0.9803055163246656,288812.605,5965156.679,6253969.284,0.046180688117367474,0.9538193118826325,2.662513818195403,10874.0,298971.0,0.035094966838257836,0.9649050331617421,66309.078,892710.7099999998,959019.7879999998,0.06914255454341053,0.9308574454565894,4.166853962763943,3134.0,66855.0,0.04477846518738659,0.9552215348126134,64250.707,976292.7189999999,1040543.426,0.0617472614737369,0.938252738526263,3.2825082850458593,598.0,19076.0,0.030395445765985563,0.9696045542340145,104246.122,1251372.738,1355618.8599999999,0.07689928568860425,0.9231007143113957,3.146381191812139,1533.0,29294.0,0.04972913355175658,0.9502708664482434,95920.708,1567388.2270000002,1663308.9350000003,0.05766860622317284,0.9423313937768271,2.768572838364799,3353.0,70214.0,0.045577500781600444,0.9544224992183995,1,0.0,2810,3586,3586,0,1.7902138880750074,0.0,0.0,0.0,0.0,0.0,0.0,0.0,0.0,0.0,0.0,0.0,0.0,0.0,0.0,0.0,0.0,0.0,0.0,0.0,0.0
95745,280665.95,0.017275055987375738,0.9827249440126242,4739.14,221319.75,226058.89,0.02096418327100518,0.9790358167289948,4.18078247190995,253.0,19772.0,0.012634207240948814,0.9873657927590512,30135.0,1587170.5999999999,1617305.5999999999,0.018632842178992023,0.981367157821008,2.8971692151997552,1234.0,88687.0,0.013723156993360838,0.9862768430066392,4474.92,288442.13999999996,292917.05999999994,0.015277089016256004,0.9847229109837441,4.306673711450936,263.0,27559.0,0.009452950902163755,0.9905470490978362,0.0,0.0,0.0,0.0,0.0,0.0,0.0,0.0,0.0,0.0,4848.5199999999995,275817.43,280665.95,0.017275055987375738,0.9827249440126242,3.488403327596357,110.0,6862.0,0.015777395295467584,0.9842226047045324,0.0,0.0,0.0,0.0,0.0,0.0,0.0,0.0,0.0,0.0,1,2.0,669,850,846,6,0.6316440049443757,0.0,0.0,0.0,0.0,0.0,0.0,0.0,0.0,0.0,0.0,0.0,0.0,0.0,0.0,0.0,0.0,0.0,0.0,0.0,0.0
1033291,46740.26,0.005754781851876734,0.9942452181481232,6953.1,852453.8700000001,859406.9700000001,0.008090579018692388,0.9919094209813076,4.14464166233738,677.0,159122.0,0.004236572193818485,0.9957634278061815,29753.07,1512813.17,1542566.24,0.01928803394530403,0.9807119660546959,2.664621002819115,1567.0,131996.0,0.011732291128531105,0.9882677088714689,1786.5500000000002,218507.33999999997,220293.88999999996,0.008109848166919204,0.9918901518330808,4.192248713023034,145.0,38900.0,0.0037136637213471637,0.9962863362786528,0.0,0.0,0.0,0.0,0.0,0.0,0.0,0.0,0.0,0.0,268.98,46471.28,46740.26,0.005754781851876734,0.9942452181481232,3.4943974217310982,7.0,2708.0,0.002578268876611418,0.9974217311233886,6986.85,341616.12,348602.97,0.02004242820994899,0.979957571790051,2.786840869396378,363.0,30555.0,0.01174073355326994,0.98825926644673,1,2.0,444,676,672,8,1.6353322528363048,0.0,0.0,0.0,0.0,0.0,0.0,0.0,0.0,0.0,0.0,0.0,0.0,0.0,0.0,0.0,0.0,0.0,0.0,0.0,0.0
1017895,190567.12,0.010382116285327711,0.9896178837146723,10238.560000000001,418268.41,428506.97,0.02389356700545618,0.9761064329945438,4.265185995902732,468.0,30780.0,0.014976958525345621,0.9850230414746544,34025.7,1284806.25,1318831.95,0.025799875412481476,0.9742001245875186,2.751002519005306,1355.0,65338.0,0.02031697479495599,0.979683025205044,9216.970000000001,95225.76000000001,104442.73000000001,0.08824903370488305,0.911750966295117,4.387062700964405,375.0,7089.0,0.050241157556270094,0.9497588424437299,0.0,0.0,0.0,0.0,0.0,0.0,0.0,0.0,0.0,0.0,1978.4900000000002,188588.63,190567.12,0.010382116285327711,0.9896178837146723,3.743319311030004,46.0,5992.0,0.0076184166942696255,0.9923815833057303,5017.29,95213.0,100230.29,0.05005762230160164,0.9499423776983984,2.9026244315834058,145.0,4693.0,0.02997106242248863,0.9700289375775114,1,2.0,746,996,995,1,0.981012658227848,0.0,0.0,0.0,0.0,0.0,0.0,0.0,0.0,0.0,0.0,0.0,0.0,0.0,0.0,0.0,0.0,0.0,0.0,0.0,0.0
606600,1564177.9689999998,0.0,1.0,16084.953999999998,1999092.494,2015177.4479999999,0.007981904529531039,0.992018095470469,4.220603470160825,754.0,117396.0,0.006381718154887854,0.9936182818451121,36714.644,2795352.8579999995,2832067.5019999994,0.012963901451526916,0.9870360985484732,2.9485330319762277,1442.0,123770.0,0.01151646807015302,0.988483531929847,19902.553,1609151.9970000002,1629054.5500000003,0.01221724158960791,0.9877827584103921,3.398878237431531,737.0,70500.0,0.01034574729424316,0.9896542527057568,0.0,1588904.772,1588904.772,0.0,1.0,3.362819738063316,0.0,19394.0,0.0,1.0,0.0,1564177.9689999998,1564177.9689999998,0.0,1.0,3.462653217063537,0.0,21215.0,0.0,1.0,0.0,0.0,0.0,0.0,0.0,0.0,0.0,0.0,0.0,0.0,1,0.0,1007,1215,1215,0,1.9622964867180808,0.0,0.0,0.0,0.0,0.0,0.0,0.0,0.0,0.0,0.0,0.0,0.0,0.0,0.0,0.0,0.0,0.0,0.0,0.0,0.0
1023821,309521.02499999997,0.007089864089200406,0.9929101359107996,21050.203999999998,1627112.1430000002,1648162.347,0.012771923857085905,0.9872280761429142,4.023642920919628,894.0,83107.0,0.010642730443685194,0.9893572695563148,40865.939,2949559.5719999997,2990425.5109999995,0.013665593357760786,0.9863344066422393,2.781702229781296,1612.0,120687.0,0.013180810963294876,0.9868191890367051,9262.092,387241.45700000005,396503.54900000006,0.0233594176479868,0.9766405823520132,4.495341991341466,340.0,18140.0,0.0183982683982684,0.9816017316017316,0.0,0.0,0.0,0.0,0.0,0.0,0.0,0.0,0.0,0.0,2194.462000000001,307326.56299999997,309521.02499999997,0.007089864089200406,0.9929101359107996,3.750169107227277,69.0,8399.0,0.00814832309872461,0.9918516769012754,6871.463,200787.10400000002,207658.567,0.03309019752601875,0.9669098024739813,3.002049789889153,253.0,7600.0,0.03221698713867312,0.9677830128613268,1,1.0,1049,1316,1301,32,1.1564516129032256,0.0,0.0,0.0,0.0,0.0,0.0,0.0,0.0,0.0,0.0,0.0,0.0,0.0,0.0,0.0,0.0,0.0,0.0,0.0,0.0
256951,860916.2499999999,0.004036525039456509,0.9959634749605435,16492.36,963233.4300000003,979725.7900000003,0.016833648933544963,0.983166351066455,4.198688422365727,1207.0,95013.0,0.01254416961130742,0.9874558303886926,141934.37,4691326.279999999,4833260.649999999,0.029366173330627226,0.9706338266693727,2.653137347791314,5478.0,232196.0,0.023048377188922643,0.9769516228110774,20368.16,539391.17,559759.3300000001,0.036387352400182406,0.9636126475998176,4.356382851555817,979.0,44028.0,0.02175217188437354,0.9782478281156265,0.0,0.0,0.0,0.0,0.0,0.0,0.0,0.0,0.0,0.0,3475.1099999999997,857441.1399999999,860916.2499999999,0.004036525039456509,0.9959634749605435,3.6007240086950274,82.0,13259.0,0.006146465782175249,0.9938535342178247,0.0,0.0,0.0,0.0,0.0,0.0,0.0,0.0,0.0,0.0,1,0.0,1370,1873,1873,0,1.5124013528748592,0.0,0.0,0.0,0.0,0.0,0.0,0.0,0.0,0.0,0.0,0.0,0.0,0.0,0.0,0.0,0.0,0.0,0.0,0.0,0.0
1036263,277052.61,0.018758567190541902,0.9812414328094582,30429.55,1032822.2100000002,1063251.7600000002,0.028619327185501194,0.9713806728144988,4.145265963468185,1815.0,97067.0,0.018355211261908134,0.9816447887380919,52624.25,1654605.4600000002,1707229.7100000002,0.03082435227770257,0.9691756477222975,2.804696864002249,2410.0,95358.0,0.024650192291956467,0.9753498077080436,19395.24,294443.14,313838.38,0.06180008958751317,0.9381999104124868,4.287628610785112,935.0,23748.0,0.03788032248916258,0.9621196775108374,0.0,0.0,0.0,0.0,0.0,0.0,0.0,0.0,0.0,0.0,5197.110000000001,271855.5,277052.61,0.018758567190541902,0.9812414328094582,3.6289835055283164,110.0,5407.0,0.01993837230378829,0.9800616276962117,0.0,0.0,0.0,0.0,0.0,0.0,0.0,0.0,0.0,0.0,1,1.0,1041,1456,1455,1,1.5646359583952454,0.0,0.0,0.0,0.0,0.0,0.0,0.0,0.0,0.0,0.0,0.0,0.0,0.0,0.0,0.0,0.0,0.0,0.0,0.0,0.0
1047115,0.0,0.0,0.0,1009.949,1572957.6889999995,1573967.6379999996,0.0006416580465932046,0.9993583419534068,4.14819807271335,113.0,331023.0,0.00034124951681484343,0.9996587504831852,8696.235,3320278.444,3328974.679,0.0026122863159212394,0.9973877136840787,2.6751377464691606,623.0,353426.0,0.0017596434391849716,0.998240356560815,2242.315,461481.046,463723.361,0.004835458354232019,0.995164541645768,4.142587074780337,236.0,99213.0,0.002373075646813945,0.997626924353186,44.132,304284.29000000004,304328.422,0.00014501438843592465,0.9998549856115642,3.1334965581395067,1.0,10749.0,9.302325581395348e-05,0.999906976744186,0.0,0.0,0.0,0.0,0.0,0.0,0.0,0.0,0.0,0.0,0.0,0.0,0.0,0.0,0.0,0.0,0.0,0.0,0.0,0.0,1,0.0,189,412,412,0,0.9183098591549297,0.0,0.0,0.0,0.0,0.0,0.0,0.0,0.0,0.0,0.0,0.0,0.0,0.0,0.0,0.0,0.0,0.0,0.0,0.0,0.0
1023893,544140.3099999999,0.0031335851593130458,0.9968664148406869,22039.18,1046900.7899999997,1068939.9699999997,0.020617790164587077,0.9793822098354129,4.131007970955917,1327.0,83230.0,0.015693555826247384,0.9843064441737526,48264.76,1685098.82,1733363.58,0.02784456795844297,0.9721554320415571,2.796483997355669,2139.0,85659.0,0.0243627417481036,0.9756372582518964,15033.15,365767.02,380800.17000000004,0.039477792249935174,0.9605222077500648,4.281120775662408,846.0,27620.0,0.029719665565938313,0.9702803344340617,0.0,0.0,0.0,0.0,0.0,0.0,0.0,0.0,0.0,0.0,1705.11,542435.2,544140.3099999999,0.0031335851593130458,0.9968664148406869,3.6187207840239193,42.0,10774.0,0.003883136094674556,0.9961168639053254,0.0,0.0,0.0,0.0,0.0,0.0,0.0,0.0,0.0,0.0,1,0.0,1007,1398,1398,0,1.2763664357197846,0.0,0.0,0.0,0.0,0.0,0.0,0.0,0.0,0.0,0.0,0.0,0.0,0.0,0.0,0.0,0.0,0.0,0.0,0.0,0.0
103829,361167.15400000004,0.007284156299550983,0.992715843700449,44311.219,1296147.322,1340458.541,0.03305676202931516,0.9669432379706848,4.1382946615360074,2244.0,75194.0,0.02897802112657868,0.9710219788734213,80335.46399999999,2315253.038,2395588.5020000003,0.03353475103630297,0.966465248963697,2.792972945934748,3529.0,107434.0,0.03180339392410083,0.9681966060758992,34247.242,438967.984,473215.226,0.07237138646084054,0.9276286135391594,4.356711302951493,1651.0,28235.0,0.05524325771264137,0.9447567422873586,3925.6799999999994,97444.78499999999,101370.46499999998,0.038726072727396484,0.9612739272726035,3.5208470301057155,85.0,2373.0,0.03458096013018715,0.9654190398698128,2630.7980000000002,358536.356,361167.15400000004,0.007284156299550983,0.992715843700449,3.6254327337216985,59.0,7835.0,0.007474030909551558,0.9925259690904484,0.0,0.0,0.0,0.0,0.0,0.0,0.0,0.0,0.0,0.0,1,0.0,1882,2458,2457,1,1.5805340223944877,0.0,0.0,0.0,0.0,0.0,0.0,0.0,0.0,0.0,0.0,0.0,0.0,0.0,0.0,0.0,0.0,0.0,0.0,0.0,0.0
1025124,694768.3599999999,0.013550199666547857,0.9864498003334522,39127.51,2167196.79,2206324.3,0.017734251487870577,0.9822657485121296,4.1518295945296755,2268.0,171629.0,0.013042203143239964,0.98695779685676,176952.02,5718262.510000001,5895214.53,0.030016213845910706,0.9699837861540894,2.7619109913863737,7054.0,302725.0,0.022771072280561303,0.9772289277194387,64906.57,1358534.19,1423440.76,0.04559836406539321,0.9544016359346067,4.343196055499057,2983.0,91072.0,0.03171548562011589,0.9682845143798842,0.0,0.0,0.0,0.0,0.0,0.0,0.0,0.0,0.0,0.0,9414.25,685354.1099999999,694768.3599999999,0.013550199666547857,0.9864498003334522,3.540200616490811,210.0,19255.0,0.010788594913948112,0.9892114050860519,0.0,0.0,0.0,0.0,0.0,0.0,0.0,0.0,0.0,0.0,1,0.0,2275,3098,3098,0,1.787598492634464,0.0,0.0,0.0,0.0,0.0,0.0,0.0,0.0,0.0,0.0,0.0,0.0,0.0,0.0,0.0,0.0,0.0,0.0,0.0,0.0
606650,251697.44999999998,0.01414138283880111,0.9858586171611988,28237.010000000002,1208847.81,1237084.82,0.02282544377191533,0.9771745562280847,4.108621847189299,1417.0,79820.0,0.017442790846535446,0.9825572091534646,63014.03,1657536.03,1720550.06,0.036624351400737505,0.9633756485992625,2.7587503039583177,2499.0,86329.0,0.028133021119466833,0.9718669788805332,31002.16,452667.27999999997,483669.43999999994,0.06409782681328803,0.935902173186712,4.255121869901469,1215.0,26979.0,0.043094275377739945,0.9569057246222601,0.0,0.0,0.0,0.0,0.0,0.0,0.0,0.0,0.0,0.0,3559.35,248138.09999999998,251697.44999999998,0.01414138283880111,0.9858586171611988,3.5262525058355325,94.0,7189.0,0.012906769188521214,0.9870932308114788,0.0,0.0,0.0,0.0,0.0,0.0,0.0,0.0,0.0,0.0,1,0.0,1047,1345,1345,0,1.2527301092043683,0.0,0.0,0.0,0.0,0.0,0.0,0.0,0.0,0.0,0.0,0.0,0.0,0.0,0.0,0.0,0.0,0.0,0.0,0.0,0.0
1043917,417318.06499999994,0.00957326398031679,0.9904267360196831,47959.554000000004,3422942.713999999,3470902.267999999,0.013817604270268095,0.9861823957297319,3.950237647183393,2905.0,413073.0,0.0069835423988768635,0.9930164576011231,113697.931,6082048.370999999,6195746.301999999,0.018350966204555227,0.9816490337954448,2.6526334155972546,5039.0,410306.0,0.01213208296717187,0.9878679170328282,20252.447999999997,698194.756,718447.204,0.028189194539617133,0.9718108054603829,4.19028618851541,1081.0,73024.0,0.014587409756426691,0.9854125902435733,0.0,0.0,0.0,0.0,0.0,0.0,0.0,0.0,0.0,0.0,3995.096,413322.9689999999,417318.06499999994,0.00957326398031679,0.9904267360196831,3.4804258770273853,96.0,13159.0,0.0072425499811391925,0.9927574500188608,0.0,0.0,0.0,0.0,0.0,0.0,0.0,0.0,0.0,0.0,1,0.0,1495,2227,2227,0,1.51338199513382,0.0,0.0,0.0,0.0,0.0,0.0,0.0,0.0,0.0,0.0,0.0,0.0,0.0,0.0,0.0,0.0,0.0,0.0,0.0,0.0
1023208,0.0,0.0,0.0,2174.5600000000004,314846.88,317021.44,0.006859346800014537,0.9931406531999855,4.253449259815149,216.0,23089.0,0.009268397339626689,0.9907316026603733,15971.66,1219612.71,1235584.3699999999,0.012926401780236182,0.9870735982197639,2.7150559199681545,637.0,53941.0,0.011671369416248306,0.9883286305837516,3775.58,239243.67999999996,243019.25999999995,0.015536134872602282,0.9844638651273978,4.359146223736725,190.0,13898.0,0.013486655309483248,0.9865133446905168,0.0,0.0,0.0,0.0,0.0,0.0,0.0,0.0,0.0,0.0,0.0,0.0,0.0,0.0,0.0,0.0,0.0,0.0,0.0,0.0,0.0,0.0,0.0,0.0,0.0,0.0,0.0,0.0,0.0,0.0,1,0.0,284,387,387,0,0.5845272206303727,0.0,0.0,0.0,0.0,0.0,0.0,0.0,0.0,0.0,0.0,0.0,0.0,0.0,0.0,0.0,0.0,0.0,0.0,0.0,0.0
1031596,0.0,0.0,0.0,5483.263000000001,445671.52100000007,451154.78400000004,0.012153839867073205,0.9878461601329268,3.90147200121822,316.0,39150.0,0.00800689200831095,0.991993107991689,15364.72,735899.4940000001,751264.214,0.020451819364844654,0.9795481806351554,2.6047193805256676,580.0,40358.0,0.01416776588988226,0.9858322341101178,3302.334,105334.595,108636.929,0.030397895360241633,0.9696021046397584,3.944368702034836,148.0,8843.0,0.01646090534979424,0.9835390946502057,0.0,0.0,0.0,0.0,0.0,0.0,0.0,0.0,0.0,0.0,0.0,0.0,0.0,0.0,0.0,0.0,0.0,0.0,0.0,0.0,1972.9199999999998,75235.82699999999,77208.74699999999,0.025553063307710462,0.9744469366922895,2.64734773609315,73.0,3792.0,0.01888745148771022,0.9811125485122898,1,0.0,359,421,419,2,1.2057416267942584,0.0,0.0,0.0,0.0,0.0,0.0,0.0,0.0,0.0,0.0,0.0,0.0,0.0,0.0,0.0,0.0,0.0,0.0,0.0,0.0
150401,320988.03,0.0,1.0,0.0,1015274.77,1015274.77,0.0,1.0,4.222088458885912,0.0,97209.0,0.0,1.0,73608.45999999999,2645557.09,2719165.55,0.02707023851490028,0.9729297614850997,2.7365109310659963,3581.0,144529.0,0.02417797582877591,0.9758220241712241,25130.239999999998,615875.8800000001,641006.1200000001,0.03920436828278643,0.9607956317172136,4.461459279930706,1809.0,59463.0,0.029524089306698004,0.970475910693302,0.0,0.0,0.0,0.0,0.0,0.0,0.0,0.0,0.0,0.0,0.0,320988.03,320988.03,0.0,1.0,3.702133565621187,0.0,7749.0,0.0,1.0,18959.38,649829.8500000001,668789.2300000001,0.028348811777366686,0.9716511882226333,2.8784792480025256,715.0,32583.0,0.0214727611267944,0.9785272388732056,1,2.0,1446,2125,2119,25,1.362480935434672,0.0,0.0,0.0,0.0,0.0,0.0,0.0,0.0,0.0,0.0,0.0,0.0,0.0,0.0,0.0,0.0,0.0,0.0,0.0,0.0
1023884,531362.552,0.0,1.0,6951.173000000001,642873.3700000001,649824.5430000001,0.010696999789987926,0.9893030002100122,4.21697381197905,456.0,39295.0,0.011471409524288698,0.9885285904757113,34189.83899999999,2053741.9810000004,2087931.8200000003,0.01637497866189902,0.983625021338101,2.6677816861046253,1423.0,84064.0,0.016645805795033164,0.9833541942049668,1620.0299999999997,57112.169,58732.199,0.027583336356944505,0.9724166636430555,4.438666426513007,92.0,4072.0,0.022094140249759846,0.9779058597502401,0.0,1022061.5530000001,1022061.5530000001,0.0,1.0,3.6244548784060697,0.0,13652.0,0.0,1.0,0.0,531362.552,531362.552,0.0,1.0,3.5416635401635546,0.0,8316.0,0.0,1.0,9874.724000000002,239722.71000000002,249597.434,0.03956260223412394,0.9604373977658761,2.653630380235411,347.0,10015.0,0.03348774367882648,0.9665122563211735,1,0.0,667,884,884,0,1.0283353010625738,0.0,0.0,0.0,0.0,0.0,0.0,0.0,0.0,0.0,0.0,0.0,0.0,0.0,0.0,0.0,0.0,0.0,0.0,0.0,0.0
574686,421343.11,0.018807925920516416,0.9811920740794835,56500.82000000001,1751605.75,1808106.57,0.031248611634656028,0.9687513883653439,4.080672051121932,2945.0,123654.0,0.02326242703338889,0.9767375729666111,170523.71,3958328.78,4128852.4899999998,0.04130050913976827,0.9586994908602318,2.7382302072018927,7121.0,203928.0,0.03374097958294046,0.9662590204170596,94238.62,1325955.23,1420193.85,0.06635616680075047,0.9336438331992495,4.212590872198995,4118.0,91984.0,0.04285030488439367,0.9571496951156063,0.0,0.0,0.0,0.0,0.0,0.0,0.0,0.0,0.0,0.0,7924.589999999999,413418.51999999996,421343.11,0.018807925920516416,0.9811920740794835,3.4819543128315003,188.0,10559.0,0.017493253931329673,0.9825067460686703,0.0,0.0,0.0,0.0,0.0,0.0,0.0,0.0,0.0,0.0,1,0.0,2938,3893,3893,0,1.5909836065573773,37366.39,255369.63,292736.02,0.12764534408850675,0.8723546559114932,4.943098765432254,1371.0,16854.0,0.07522633744855967,0.9247736625514403,0.0,0.0,0.0,0.0,0.0,0.0,0.0,0.0,0.0,0.0
1036091,0.0,0.0,0.0,1384.3000000000002,746860.3399999999,748244.6399999999,0.0018500633696487293,0.9981499366303512,4.25588523006722,184.0,165504.0,0.0011105209791898024,0.9988894790208102,7535.67,1356841.4379999996,1364377.1079999995,0.005523157751485818,0.9944768422485143,2.7407666790396097,497.0,144985.0,0.003416230186552288,0.9965837698134478,1383.232,255576.397,256959.629,0.0053830712839330885,0.994616928716067,4.3188592291988455,133.0,43484.0,0.0030492697801316002,0.9969507302198684,0.0,0.0,0.0,0.0,0.0,0.0,0.0,0.0,0.0,0.0,0.0,0.0,0.0,0.0,0.0,0.0,0.0,0.0,0.0,0.0,0.0,0.0,0.0,0.0,0.0,0.0,0.0,0.0,0.0,0.0,1,0.0,171,303,303,0,1.3664383561643834,0.0,0.0,0.0,0.0,0.0,0.0,0.0,0.0,0.0,0.0,0.0,0.0,0.0,0.0,0.0,0.0,0.0,0.0,0.0,0.0
1037842,358829.8009999999,0.00927569000881284,0.9907243099911872,77047.638,3232600.740999999,3309648.378999999,0.02327970502512407,0.976720294974876,3.90424936930122,5140.0,396401.0,0.012800685359651941,0.987199314640348,179389.344,5447072.906999999,5626462.250999998,0.031883150725505516,0.9681168492744946,2.6841935244350363,8205.0,383792.0,0.020931282637367123,0.9790687173626329,29986.402,891021.9500000001,921008.3520000001,0.03255823026456116,0.9674417697354388,4.134769408943568,1850.0,94858.0,0.019129751416635647,0.9808702485833644,0.0,0.0,0.0,0.0,0.0,0.0,0.0,0.0,0.0,0.0,3328.3939999999993,355501.40699999995,358829.8009999999,0.00927569000881284,0.9907243099911872,3.4393662042036572,102.0,11935.0,0.00847387222729916,0.9915261277727009,0.0,0.0,0.0,0.0,0.0,0.0,0.0,0.0,0.0,0.0,1,1.0,2628,3811,3810,1,1.7638574660633486,0.0,0.0,0.0,0.0,0.0,0.0,0.0,0.0,0.0,0.0,0.0,0.0,0.0,0.0,0.0,0.0,0.0,0.0,0.0,0.0
1030574,362578.93,0.003205205553450114,0.9967947944465498,8073.42,988918.34,996991.76,0.008097780065905459,0.9919022199340946,4.293081752236402,654.0,132798.0,0.004900638431795702,0.9950993615682043,32874.31,2873590.37,2906464.68,0.011310755030403465,0.9886892449695965,2.7505312667278075,1521.0,181581.0,0.008306845364878593,0.9916931546351214,5223.3099999999995,264904.57,270127.88,0.01933643428438412,0.9806635657156159,4.41331693947966,328.0,26308.0,0.0123141612854783,0.9876858387145216,412.53999999999996,107214.56,107627.09999999999,0.0038330494828904614,0.9961669505171096,3.02012865002122,13.0,4713.0,0.0027507405840033854,0.9972492594159966,1162.14,361416.79,362578.93,0.003205205553450114,0.9967947944465498,3.6600214613570654,27.0,8034.0,0.0033494603647190174,0.9966505396352809,1644.3700000000003,10663.57,12307.94,0.13360237375222825,0.8663976262477717,3.0926046176046125,39.0,654.0,0.05627705627705628,0.9437229437229437,1,0.0,574,906,906,0,1.289890377588307,0.0,0.0,0.0,0.0,0.0,0.0,0.0,0.0,0.0,0.0,0.0,0.0,0.0,0.0,0.0,0.0,0.0,0.0,0.0,0.0
1023970,44144.840000000004,0.011248086979135047,0.988751913020865,6302.958999999999,207688.71,213991.669,0.029454226089521265,0.9705457739104787,4.13904926108366,359.0,15881.0,0.02210591133004926,0.9778940886699508,10161.773,378420.44600000005,388582.21900000004,0.02615089549426861,0.9738491045057315,2.818093394479741,502.0,22176.0,0.022135990828115355,0.9778640091718847,5006.428,83679.69,88686.118,0.05645108967335789,0.9435489103266421,4.324478307733807,232.0,7190.0,0.03125842091080571,0.9687415790891943,0.0,0.0,0.0,0.0,0.0,0.0,0.0,0.0,0.0,0.0,496.545,43648.295000000006,44144.840000000004,0.011248086979135047,0.988751913020865,3.558813874788488,16.0,1166.0,0.01353637901861252,0.9864636209813875,4345.127,67696.152,72041.27900000001,0.06031440668897619,0.9396855933110237,3.0041607445009673,198.0,3348.0,0.05583756345177665,0.9441624365482234,1,0.0,443,586,586,0,1.081174438687392,0.0,0.0,0.0,0.0,0.0,0.0,0.0,0.0,0.0,0.0,0.0,0.0,0.0,0.0,0.0,0.0,0.0,0.0,0.0,0.0
1023989,417217.85,0.006655348039399561,0.9933446519606005,12886.56,1192735.74,1205622.3,0.010688720671473976,0.989311279328526,4.242566652288245,609.0,92111.0,0.00656816220880069,0.9934318377911993,85891.99,4650890.590000001,4736782.580000001,0.018132981311546705,0.9818670186884533,2.7458472006379413,3246.0,231022.0,0.013855925691942562,0.9861440743080574,18084.44,784806.7599999999,802891.1999999998,0.02252414773010341,0.9774758522698966,4.360657058364816,818.0,59373.0,0.01359007160538951,0.9864099283946105,0.0,0.0,0.0,0.0,0.0,0.0,0.0,0.0,0.0,0.0,2776.73,414441.12,417217.85,0.006655348039399561,0.9933446519606005,3.684902174847778,68.0,11565.0,0.005845439697412533,0.9941545603025874,0.0,0.0,0.0,0.0,0.0,0.0,0.0,0.0,0.0,0.0,1,2.0,1387,1779,1778,1,1.2061915887850465,0.0,0.0,0.0,0.0,0.0,0.0,0.0,0.0,0.0,0.0,0.0,0.0,0.0,0.0,0.0,0.0,0.0,0.0,0.0,0.0
1037065,238013.33899999998,0.0,1.0,2739.83,565523.93,568263.76,0.0048214054684747095,0.9951785945315254,4.072913227154335,155.0,47187.0,0.0032740484136707364,0.9967259515863293,38621.130000000005,4250858.17,4289479.3,0.009003687230755493,0.9909963127692445,2.597583679992707,1555.0,193641.0,0.007966351769503473,0.9920336482304966,5950.450000000001,379347.27999999997,385297.73,0.01544377123633716,0.9845562287636628,4.162407936161102,254.0,31827.0,0.007917458932078177,0.9920825410679218,0.0,0.0,0.0,0.0,0.0,0.0,0.0,0.0,0.0,0.0,0.0,238013.33899999998,238013.33899999998,0.0,1.0,3.675945635010197,0.0,4433.0,0.0,1.0,0.0,0.0,0.0,0.0,0.0,0.0,0.0,0.0,0.0,0.0,1,0.0,355,508,508,0,1.0671296296296298,0.0,0.0,0.0,0.0,0.0,0.0,0.0,0.0,0.0,0.0,0.0,0.0,0.0,0.0,0.0,0.0,0.0,0.0,0.0,0.0
257605,847673.38,0.00036167232242211033,0.999638327677578,1994.26,238385.2,240379.46000000002,0.008296299525758149,0.9917037004742418,4.416971330632884,74.0,9553.0,0.007686714448945674,0.9923132855510544,3478.5999999999995,830748.11,834226.71,0.004169849704284821,0.9958301502957152,2.7911726503123133,125.0,32241.0,0.003862077488722734,0.9961379225112773,0.0,179173.85000000003,179173.85000000003,0.0,1.0,4.320607435757496,0.0,10974.0,0.0,1.0,44.24,279197.81000000006,279242.05000000005,0.0001584288612692823,0.9998415711387307,3.3808221323900858,7.0,3951.0,0.0017685699848408287,0.9982314300151591,306.58000000000004,847366.8,847673.38,0.00036167232242211033,0.999638327677578,3.6020231304737638,8.0,8898.0,0.0008982708286548395,0.9991017291713452,0.0,0.0,0.0,0.0,0.0,0.0,0.0,0.0,0.0,0.0,1,0.0,137,159,159,0,2.1315789473684212,0.0,0.0,0.0,0.0,0.0,0.0,0.0,0.0,0.0,0.0,0.0,0.0,0.0,0.0,0.0,0.0,0.0,0.0,0.0,0.0
1025840,236547.34999999998,0.008959601534322832,0.9910403984656772,9847.03,1061924.21,1071771.24,0.009187622911023438,0.9908123770889765,4.349729891035812,553.0,72499.0,0.007569950172479877,0.9924300498275201,35206.770000000004,2618389.43,2653596.2,0.013267568743126781,0.9867324312568733,2.827613509238953,1465.0,130119.0,0.011133572470817121,0.9888664275291829,9380.45,276861.67,286242.12,0.03277103313796027,0.9672289668620397,4.540047128478411,344.0,16546.0,0.020367081113084665,0.9796329188869153,0.0,0.0,0.0,0.0,0.0,0.0,0.0,0.0,0.0,0.0,2119.37,234427.97999999998,236547.34999999998,0.008959601534322832,0.9910403984656772,3.7264297989874233,50.0,6467.0,0.007672241829062452,0.9923277581709375,4794.0999999999985,327173.18000000005,331967.28,0.014441483510061588,0.9855585164899385,2.943149880173798,182.0,15257.0,0.011788328259602306,0.9882116717403977,1,2.0,793,1039,1038,1,1.2971548998946258,0.0,0.0,0.0,0.0,0.0,0.0,0.0,0.0,0.0,0.0,0.0,0.0,0.0,0.0,0.0,0.0,0.0,0.0,0.0,0.0
1060900,218146.307,0.03372520535037066,0.9662747946496293,9227.42,458734.13999999996,467961.55999999994,0.019718329001211128,0.9802816709987889,3.985903427663765,490.0,42338.0,0.011441113290370786,0.9885588867096292,20864.29,951643.9500000001,972508.2400000001,0.021454100995586423,0.9785458990044136,2.674555475736225,800.0,54882.0,0.014367300025142775,0.9856326999748573,8160.629999999999,128440.68,136601.31,0.059740495900075914,0.9402595040999241,4.0796948240891115,374.0,10967.0,0.03297769156159069,0.9670223084384093,5869.082,273299.496,279168.578,0.021023433375084215,0.9789765666249158,3.2936423135464685,88.0,3854.0,0.022323693556570268,0.9776763064434297,7357.029,210789.278,218146.307,0.03372520535037066,0.9662747946496293,3.327462241169364,91.0,3193.0,0.027710109622411692,0.9722898903775883,0.0,0.0,0.0,0.0,0.0,0.0,0.0,0.0,0.0,0.0,1,0.0,524,643,642,1,1.2598425196850394,0.0,0.0,0.0,0.0,0.0,0.0,0.0,0.0,0.0,0.0,0.0,0.0,0.0,0.0,0.0,0.0,0.0,0.0,0.0,0.0
1037843,72563.051,0.0018689815013428802,0.998131018498657,1091.2120000000002,288061.29699999996,289152.50899999996,0.0037738285715514935,0.9962261714284485,3.956660048189981,67.0,32720.0,0.002043492847775033,0.997956507152225,3012.7069999999994,524067.54000000004,527080.2470000001,0.0057158412161099235,0.99428415878389,2.6849002045921453,119.0,35073.0,0.003381450329620368,0.9966185496703797,1051.408,101532.24399999998,102583.65199999997,0.010249274416551286,0.9897507255834488,4.153174210420567,80.0,9862.0,0.008046670690002011,0.991953329309998,0.0,0.0,0.0,0.0,0.0,0.0,0.0,0.0,0.0,0.0,135.619,72427.432,72563.051,0.0018689815013428802,0.998131018498657,3.4116968004063337,3.0,1966.0,0.0015236160487557136,0.9984763839512443,0.0,0.0,0.0,0.0,0.0,0.0,0.0,0.0,0.0,0.0,0,0.0,95,107,107,0,0.7604166666666665,0.0,0.0,0.0,0.0,0.0,0.0,0.0,0.0,0.0,0.0,0.0,0.0,0.0,0.0,0.0,0.0,0.0,0.0,0.0,0.0
